query,category,document_id,review_id,product_id,rating,rank,text,relevance_label,reviewer_notes
What packaging damage do reviewers report when canned products are shipped?,complaint_analysis,review_e17cd006851bea97,50663,B000GZU7SY,5.0,1,"Big kidney beans, BPA free and no salt added!
I was excited to purchase BPA free canned beans from a reputable company, Eden Foods, who I must admit I think I have a brand preference towards, because I appreciate the effort they put into setting high standards for their products and finding growers who can provide them with that. While I do want to eventually switch to using dried beans because I think that its less packaging and better price versus the canned, I am busy sometimes and find that to have some canned beans in the pantry on stock has been very helpful. The kidney beans in the can are nice big beans, and taste delicious.<br /><br />Kidney beans are great cold out of the can in salads with kale, red onion, avocado, and sprouts and I love them in soups! (But shortly before the soup is ready as you dont want them to get too mushy) I was happy about my purchase and will continue to buy Eden Kidney Beans, whether it be canned or dried.",,
What packaging damage do reviewers report when canned products are shipped?,complaint_analysis,review_6b2424197b197645,323373,B006CFW3CA,5.0,2,"Great flavor with nice packaging
Swirl green tea has me hooked since my first cup. I could really tell this is what a cup of enjoyable tea should be about with its quality tea leaves. Besides its easy brewing steps, the packaging, in my opinion, is what also sets it apart from many green tea products on the market, including many popular brands.<br /><br />The bag is sealed without any staples unlike many tea bags I've tried, and who knows what a staple could do to affect the overall flavor in hot water? I'm quite sure that once you give it a try, it'll be very difficult for you to get distracted by other inferior tea bags.",,
What packaging damage do reviewers report when canned products are shipped?,complaint_analysis,review_ad08cab33f52ff4c,415698,B000EDDS6Q,5.0,3,"wonderful--------------------
I was concerned that it wouldn't taste good unless it was mixed with yogurt the night before as so many reviewers had stated they do---I'm happy to report that I put it in a bowl, pour on some low-fat milk, and chow down-----it is delicious right away---yum yum go get you some. The only thing I would argue with is the serving size----who could eat a 1/4 cup for breakfast--not me--a cup at least--so it goes quickly. I also love that there is no ground up stuff in the bottom, from top of the bag to the last bite it's all perfect-----Thanks",,
What packaging damage do reviewers report when canned products are shipped?,complaint_analysis,review_424b4dec7b29474e,20474,B001BDDTB2,4.0,4,"My cats like this
My cats seem to enjoy this food as much as their erstwhile favorite, Wellness wet food.  They are pretty fussy so I am pleased.  I also like the fact that the the ingredients seem to be nourishing (no by-products) although since some reviewers have mentioned a possibly dangerous ingredient, I think I will do a little more research before ordering this again.",,
What packaging damage do reviewers report when canned products are shipped?,complaint_analysis,review_7cb27cb5299f19d3,85894,B004P7R9Z8,5.0,5,"Classic Cookies
All of the flavors I've tried are great; but my favorite are the mint.<br /><br />I was concerned re the shipping issue based on other reviews.  When they arrived, the cookies were packed so tightly into a box filled with canned goods that the outer carton was pushed out of shape right on top of where the cookies were - which carton was pretty battered on that location, as one might expect from an incorrectly packed carton.  Amazon, what is up with your packaging logic?  It's so weird what you do when packing things....<br /><br />Anyway, I figured the whole batch of cookies would be crushed.  To my amazement, only 3 of the cookies were broken (out of a pack of 4 bags).  I think that was a fluke really.  Anyway, otherwise they were fresh etc.  The only other odd thing was that these seemed to be different cookies than what I was used to.  They seemed to be thinner.  I've noticed since moving from the West Coast to the East Coast that a lot of products seem different here in various ways, so I figured it was either that, or maybe I was imagining it; but I don't think so.  Anyway - I actually preferred the thinner ones, as the overall flavor balances were better and the texture was more appealing.<br /><br />So while my shipping story was a success, I can't claim that the product was really properly packaged, and I wouldn't therefore want to leave a review claiming that.",,
What packaging damage do reviewers report when canned products are shipped?,complaint_analysis,review_8c78920609d89660,120724,B005K4Q37A,3.0,6,"Good for K-Cup Instant Gratification
Why do some reviewers seem to expect Italian coffee house products in each and every product made for K-Cups?  This is a Very Nice Cappuccino / French Vanilla flavored drink.  It is well above what you find in some gas stations - and not as good as in some others.  Just because you get it in a gas station does not make it bad - go to Italy and find out.  This makes a very acceptable cup using the middle or lowest setting.  Remember - less is stronger.<br /><br />60 cal (40 fat)  --  4.5g fat sat  --  9 carb  --  5g sugar  --  0g fiber",,
What packaging damage do reviewers report when canned products are shipped?,complaint_analysis,review_88d6d5504463a811,237174,B005FCN8ZM,5.0,7,"Great product!
I ordered this coffee for my husband, who is a huge coffee fan.  He really likes the bold flavors.  The product shipped fast, was fresh and the packaging was nice.  We will certainly buy this product again.",,
What packaging damage do reviewers report when canned products are shipped?,complaint_analysis,review_a078b62c6e59f464,474372,B001FA1MHY,5.0,8,"Better Than Any Store Bought Cookie
These macaroons are amazing.  I do not know why the other reviewers said they weren't very sweet.  I think they are plenty sweet and delicious.  If you love coconut, you MUST try these.  Buy them now!",,
What packaging damage do reviewers report when canned products are shipped?,complaint_analysis,review_c3a987997d9596d6,502926,B000UXY2EC,2.0,9,"Massively dented cans
The product inside the can is very good. I use it for cooking.<br />The packaging is inadequate. Half of the cans arrived severely dented. I opened the most mis-shapen can and saw no breach in the seal of the container; so I still used it despite misgivings.<br /> I saw that Amazon does not accept return of this canned product. Also I got no request for feedback except as to the adequacy of the packaging, so I feel they must be aware of the faulty and inadequate packaging.<br /> Roland Coconut Milk, Organic, 14-Ounce Cans (Pack of 24)",,
What packaging damage do reviewers report when canned products are shipped?,complaint_analysis,review_e20ce3c43d76fb95,391603,B004ACQKDK,1.0,10,"Rancid, rotten oil
Do not purchase this crap as it will arrive rancid and the cans are dented. If I had not been so busy, I would have shipped them back. Oh!!  Good idea.",,
What problems do customers report with damaged seals during shipping?,complaint_analysis,review_d844b70a109140b0,86681,B0026N8W4U,3.0,1,"good straws - terrible service
I will say the cheese straws are the best I have ever tasted. The negative? Customer service is non existent. An internet order was lost, even though I received a confirmation via email. I was offered no discount or upgraded shipping, no additional product with my order, no discount on my next order, not even an apology for the 7 day delay. Just an excuse that the email order was lost and that her IT guy would be on the problem tomorrow. This is not the first problem I have had with an order. They do not give a tracking number. When asked for one the odds of getting one are 50-50. I have had so many problems with my orders I will go without my Aunt Lizzies cheese straws. I will miss them greatly however I need the hassle associated with ordering them less than I need the cheese straws. Ann, I wish you the best in the future and suggest you participate in customer service training classes to refrain from losing additional customers in the future. FOLLOW UP: Here it is almost a month later. I just received an email notifying me that my order shipped on the Aug 9th. I have not placed an order! What more can they do?",,
What problems do customers report with damaged seals during shipping?,complaint_analysis,review_cf01485760f888e3,496341,B002GC3D8Q,5.0,2,"Yummy
Just the right amount of flavor and saltiness.<br /><br />Makes wonderful miso with perfectly suspended clouds throughout the soup.<br /><br />No problems with shipping.",,
What problems do customers report with damaged seals during shipping?,complaint_analysis,review_ae44b5b6e95a72d5,90625,B001D0MF22,3.0,3,"Damaged Cups/Great Coffee
We enjoy Timothy's French Roast, but many of the K-Cups came damaged (mostly creased) to the point that they were ""throw aways"".",,
What problems do customers report with damaged seals during shipping?,complaint_analysis,review_bc70acf57f761767,502796,B0018DG2S2,2.0,4,"High risk, dont order cans.
Great product, horrible shipping. Only 8 of 12 cans made it successfully during shipping. You'll only get a refund on the purchase price and not on shipping, which is most of the cost of the product. I've ordered large and small plastic bottles from a different Vender (British Delights) without any shipping casualties. The cans that did make it taste just fine (mmmm good!)",,
What problems do customers report with damaged seals during shipping?,complaint_analysis,review_74f5f210862c912b,220477,B0034EDLS2,4.0,5,"Good but really sweet
The bars taste good but are very sweet (18 grams per bar).  Would not recommend shipping during the summer to the southern US states, they melt a little.",,
What problems do customers report with damaged seals during shipping?,complaint_analysis,review_c77226be5a8350ea,262215,B002AU3K1E,5.0,6,"Lucy's Sugar Cookies
Great seller, fast shipping! I love these cookies! I have many allergies and I have no problems when eating these. I will be ordering more.",,
What problems do customers report with damaged seals during shipping?,complaint_analysis,review_d48f4a95a59bcd79,71264,B0041CH3NU,1.0,7,"Disappointed
I was just deceived... I'm pregnant and have a craving for caviar, but can't eat any raw fish products. So the only option for me is pasteurized caviar. The description of the product here states that this romanoff caviar is pasteurized, but when I got it I didn't find any mention about pasteurization on the jar or packing! So, I can't eat it. It's not cheap, but I don't want spent more money on return shipment, so don't know what to do with it...<br />Shame on you, seller, for deceiving your customers!",,
What problems do customers report with damaged seals during shipping?,complaint_analysis,review_6f1905d82f9ed211,229782,B003CN5NPE,5.0,8,"great!
shipping was super fast and i got a great product for a fantastic price! thanks so much! i was looking for a good price on the lemonade flavor and that is exactly what i got here! will do business again!",,
What problems do customers report with damaged seals during shipping?,complaint_analysis,review_85ec3f1cf74e2334,170830,B001O8KQP6,5.0,9,"Fantastic
These colors are so true to life and vibrant!  The drip, drop out of the bottle makes it so easy to duplicate the exact same color again.  The food color doesn't change the taste or texture of any food.  I had no problems with shipping, and it was super fast.",,
What problems do customers report with damaged seals during shipping?,complaint_analysis,review_a895535f0f03e52c,432046,B0052OUAOK,1.0,10,"WARNING! Product changed without advising once-loyal customers!!
WARNING!! Without changing the look of the packaging, Greens+ has changed the ingredients and has ruined a once-great bar (I along with other loyal customers I knew would order them by the boxload). Supposedly to ""increase production,"" they've ruined the 40:30:30 balance, adding far more calories, fat, and carbs, while decreasing protein content. Sad, as they were once the perfect energy bar... I'm still in mourning. I am sending all boxes back directly to the company. Hopefully, if enough people do so, they can be persuaded to continue manufacturing the old formula, as I'm willing to wait and stock up on the original product, but not this pale imitation...",,
What customer evidence suggests some snack products arrive stale?,complaint_analysis,review_658a039517b24785,484819,B00248EE4O,5.0,1,"Stale...Stale...Stale Chips  (Issue Resolved!)
I normally love these chips when I buy them from the grocery store, however you can never find them in the small bags.  I was so excited to find them here on Amazon ... but these chips arrived very stale, I was so disappointed.  My guess, they were just old!<br /><br />***UPDATED Review*** Thank you Amazon for quickly handling this issue.  The next batch of chips that I received were fresh and delicious!  You guys get an A+ in customer service.  :-)",,
What customer evidence suggests some snack products arrive stale?,complaint_analysis,review_7d3fb7d20cdf99d2,159419,B001M23W50,1.0,2,"Very stale, I should have trusted reviews
After reading the reviews, I still decided to order this for some reason.  I thought ""Honey bunches is honey bunches"", but I was wrong.  Very stale and gritty, not enough flakes compared to what I buy in the grocery store.  I'm not sure what's going on, expiration was 1 year out.",,
What customer evidence suggests some snack products arrive stale?,complaint_analysis,review_26ee61ef0f285554,345318,B00023T3IA,4.0,3,"Good People
My shipment did not arrive on the date that I expected BUT these people sent me a very apologetic email and offered to make it right for me.  I was so impressed with their customer service that I declined their offer to give me something to change my initial review.  Their explanation for the delivery delay was totally satisfactory to me and I would not hesitate to order from them in the future.  By the way, the product was exactly what I expected and I could not be happier.",,
What customer evidence suggests some snack products arrive stale?,complaint_analysis,review_a0146dc46ce3a641,160030,B000H6PV4M,1.0,4,"VERY STALE!
This came in fast, but they were extremely stale!  They even had that white look over the chocolate that indicates staleness. This company has quite some nerve selling these candies like this!",,
What customer evidence suggests some snack products arrive stale?,complaint_analysis,review_48491b7cd072d2d5,279342,B005NYXE1K,3.0,5,"Hometown Favorites 1950's Candy
If I had paid the price that they are asking now plus shipping, I would have been disappointed. There is not enough good solid candy and the box is smaller than shown. However, it is a great idea, especially for older couples who really don't need anything, b/c they get a trip down memory lane. The rep. from the actual store was helpful in explaining that what I purchased was paid for by Amazon, when my pkg. did not arrive. And, Amazon customer service was excellent!! Buying it a lower price from Amazon and prime shipping made it a good gift!",,
What customer evidence suggests some snack products arrive stale?,complaint_analysis,review_8366d8b7ccedcdc7,45355,B003GHESE8,5.0,6,"Yummy
Fabulous cookie.  Perfect size.  Love packaging.  No more stale cookies.  Senior size, just enough with a cup of coffee (or tea) for a snack.  Wish all food was like that.",,
What customer evidence suggests some snack products arrive stale?,complaint_analysis,review_6c80612a6f35636d,241954,B001AHJ2FQ,5.0,7,"Yum.
I really like the flavor of these chips/crackers. The sesame seed flavor really pops after a few bites and they aren't dry in your mouth like some other multigrain products. They are a tad stale feeling, but I think that's intended and it doesn't mean they're old. With that said, I enjoyed my first bag. If I see these in a local store I will buy them again.",,
What customer evidence suggests some snack products arrive stale?,complaint_analysis,review_89ec9ff01c03d22f,214080,B000JIN1H2,1.0,8,"expired
oredered some, the ones i got were past date and stale, some packages were open. so not gonna buy food from here again",,
What customer evidence suggests some snack products arrive stale?,complaint_analysis,review_0cfaefffc94778d3,287307,B000EM0LVM,1.0,9,"carmel sugar STALE walnuts (very little walnut)
Just got my shipment of these.  Had high hopes, but no, very disappointing.  Not only were the walnuts stale, but what little walnut was there was thick COATED with a carmel sugar coating. I was expecting ""glazed"" lightly with sweetness, like other glazed items are.  But the coating was very thick and brown.  If you like sugar coating, it's great.  Otherwise give it a pass.  Very little stale walnut and too much brown gunk.",,
What customer evidence suggests some snack products arrive stale?,complaint_analysis,review_f1d9d4a082c02c23,458313,B00158U8DU,1.0,10,"Bad company
I bought 3 of there nut milk bags and and the seems all tore after one use, they sent out 2 replacements (when i bought 3) and they did the same thing. Bad customer service.<br />They do not support there products.",,
What flavor complaints are made about a food product?,aspect_analysis,review_b26c857efccdb955,399348,B004CH7VYK,5.0,1,"A TON OF CANDY FOR THE MONEY!!!!!!
A great candy with a nice center! No complaints at all about these. I wish I would have gone down a size though, they are not HUGE but... I actually shared some with friends because you get a load of these.",,
What flavor complaints are made about a food product?,aspect_analysis,review_bc3684fea25f3d36,189377,B001EO5Q64,5.0,2,"Why are we no longer able to autoship my item?
Hey, I really love this product! I just received the same message that they can't fulfill my order!!???? I have NO complaints about this product, and I expect it to be a bit messy in summer! (it is OIL!!!). Why is this product no longer available from the supplier? I am on auto ship so I can keep a consistent supply since I use it for EVERYTHING!!! Great product but questionable practice by Amazon to say the least.",,
What flavor complaints are made about a food product?,aspect_analysis,review_55037179b022be90,484911,B00248EE4O,5.0,3,"Tortillia Chips with flavor!
These have much more flavor and taste than regular tortilla chips.  Always a hit when friends come over and we put out the snacks. Top quality ingredients; brown rice, oat fiber, sunflower seeds etc. are what give this product the taste to start a conversation. Serve with fresh veggies and a good dip, always a crowd pleas-er!  I certainly would recommend this product to anyone who is trying to eat more healthy food with great flavor.",,
What flavor complaints are made about a food product?,aspect_analysis,review_fffc3905e1b5c6b9,440105,B005ZBZLSU,5.0,4,"Love these
Deep, dark, rich flavor. I appreciate the reduced packaging which is environmentally friendly, and as a side benefit takes up less space.  What I really like about these, besides the great flavor (best tasting K-cups I've found so far) is that there is just the filter on the bottom. I've always had some un-addressed concerns about the composition of the plastic that other k-cups are made of, and what may be leaching into my beverage from the hot water passing over the coffee.  Look for these at costco where a 80 pack is 25$ (look around, not all stores carry them), but even on amazon it's a good deal with shipping included.",,
What flavor complaints are made about a food product?,aspect_analysis,review_7cdf76e589e5d6e1,524425,B000VK4K2S,1.0,5,"Newman's Own Organics Canned Dog Food is NOT made in the USA
I was not aware of and was not told the country of origin when I purchased a case of Newman's Own Organics Canned Dog Food..  This product is made in Uruguay not the USA!! It made both of my dogs sick with severe diarrhea.  Blue Buffalo was out of stock so I thought ""Newman's Own"" indicated it would be a good product made in the USA.  WRONG!!!",,
What flavor complaints are made about a food product?,aspect_analysis,review_18cea791fd03c887,438484,B000W7GXZ2,4.0,6,"Not bad at all...
My only issue with the strawberry is the strawberry flavor is a little weak. It doesn't taste like real strawberries, it is the fake strawberry flavor (which I just happen to prefer), I just wish the strawberry flavor was a little stronger. As a syrup, I have no complaints and it does have a nice mild strawberry flavor and is pretty sweet to. This would help curb the sweet tooth cravings, thats for sure! I will buy it again!",,
What flavor complaints are made about a food product?,aspect_analysis,review_a6064cfd69f995ec,231940,B0000DG586,1.0,7,"Not So Great
Didn't like this product very much. The first time I purchased the product, the seal was broken and everything was leaking out but the company did replace the product free of charge which made me feel better about the purchase. I don't think it is a bad product, but it just was not what I really was looking for.",,
What flavor complaints are made about a food product?,aspect_analysis,review_bd21b622dd35bb3e,153077,B00141WDXG,1.0,8,"dogswell is now made in China!
<a href=""http://www.amazon.com/gp/product/B001AJ1ULS"">Dogswell Happy Hips for Dogs, Chicken Breast,15-Ounce Pouches (Pack of 3)</a>Dogswell chicken jerky is now made in China.  The FDA has warned against dog food products made in China.  Don't risk it!",,
What flavor complaints are made about a food product?,aspect_analysis,review_49319de79ebb7e62,199206,B0002NV04K,4.0,9,"A good buy...
...money wise, in any case. They're much cheaper than in any stores in our area. The only drawback is cleaning them off and breaking off the stems. It might take a while. Otherwise, no complaints. They're delicious after soaking them for about 20 minutes in cold water. I love them in gravies and over potatoes and pasta.",,
What flavor complaints are made about a food product?,aspect_analysis,review_db3ecc8af25e646d,385209,B005VOOM5E,4.0,10,"A mild smooth coffee
There are several things a coffee lover looks for in their brew.. the aroma, the color and the taste are what I look for. When I opened the individual pack, I was hit with a wonderful coffee scent.  The pod looks typical, and are made for a pod machine.  When I made my first cup, since the aroma was strong, I filled the machine with a good sized mug's worth of water, and made a cup.  When it was done, the color was fairly light, so I only added a small amount of milk.  Still, the flavor was a bit too bland for me, and I like a mild coffee.  For the second cup, I used a smaller mug, and in return got a darker, more flavorful cup, so that is my recommendation with this brand.  Some other things I love about this brand:  it's organic, sustainably grown and Fair Trade certified. That's a lot of benefits for only about 75 cents a cup.  The even have their own foundation to support youth soccer programs.  This is a good deal.  The only thing that I would change is the individual wrap, which seems like an excess of packaging for a company dedicated to the environment.",,
Why might customers complain that coffee tastes bitter?,aspect_analysis,review_a9ad4d2c430d7ec6,93222,B004OLKF6K,3.0,1,"Advertised as Medium-Bold, but more Medium than Bold.  Slightly Bitter, but Not Harsh.
This Columbia Blend leans more to the medium side than the bold side of coffee.  However, there is a slight kick to it, so solid medium coffee drinkers may want to take a pass.<br /><br />The blend is also slightly bitter, but not so bitter that it would be considered a harsh taste.  The bitter can be toned down by milk, which would leave no significant aftertaste.<br /><br />I would put this kcup in the same category as <a href=""http://www.amazon.com/gp/product/B00474OR8G"">Caribou Coffee, Caribou Blend, 24-Count K-Cups for Keurig Brewers</a>, although I would choose this Barista Prima Columbia blend over the Caribou Blend.<br /><br />This is an OK blend, but there are better coffee blends on the market.<br /><br />Disclosure: I received this kcup in a free sample pack mailed by Keurig to its customers.",,
Why might customers complain that coffee tastes bitter?,aspect_analysis,review_a1ac9e3b35984862,181938,B0009F3POY,3.0,2,"It's Ok... Not for ""nosey"" people :)
I understand that the product does not guarantee increase in milk production, that is why I can't complain that it did not or helped in any way. It has a very strong herbal fragrance, which my coworkers weren't crazy about. So, if you have a sensitive nose, you will probably have a hard time consuming it.",,
Why might customers complain that coffee tastes bitter?,aspect_analysis,review_b749f5e7939bccef,487096,B000PDWBKO,5.0,3,"Tastes great!
I have a Waring Pro, and this stuff is fantastic. It is salty and buttery, and tastes like movie theater popcorn. Some complain it doesn't all pop, that's because some of the kernals are thrown out of the kettle while the others pop. It always fills the tray that comes with my popper all the way up. I love it.",,
Why might customers complain that coffee tastes bitter?,aspect_analysis,review_da1a5bcbc9c80545,29455,B000PDY3P0,5.0,4,"Tastes great!
I have a Waring Pro, and this stuff is fantastic. It is salty and buttery, and tastes like movie theater popcorn. Some complain it doesn't all pop, that's because some of the kernals are thrown out of the kettle while the others pop. It always fills the tray that comes with my popper all the way up. I love it.",,
Why might customers complain that coffee tastes bitter?,aspect_analysis,review_b00238c4cf21dcfe,88961,B004M5XUGK,2.0,5,"tastes like medium roast with slight burnt/bitter aftertaste
I am not taking to the taste of this coffee. For me, it had a medium roast flavor, (meaning not too strong), and a slight burnt-bitter aftertaste. There is an ever-so slight hint of cocoa in the flavor, not to it's detriment. I did not want a super-strong coffee, and I was  hoping that this would not harbor the burnt/bitter aftertaste that some of the stronger coffees seem to have. In any case, I am trying to find a medium roast, good smooth coffee to replace the Van Houtte Kenyan k-cups, since they are not being sold now, and Tree Hugger is not the one to fill those shoes for my taste.",,
Why might customers complain that coffee tastes bitter?,aspect_analysis,review_86b55b15105d952c,431744,B002TMV3CG,5.0,6,"a coffee black and tan
Some coffees try to impress by including a particular strong added flavor or mixing in a variety of tastes so as to distract from the often bitter taste of the coffee itself.<br /><br />This Melitta Cafe doesn't do that.  Rather it has a very pure, direct and yes smooth taste that is surprisingly not bitter.  It is a coffee for those who enjoy sitting down with a hot beverage and enjoying the moment.  It does not grab your attention, but that's not what I'm looking for in a cup of coffee.<br /><br />The mix of dark and light roasts are very finely blended, and give the coffee a robust flavor, and a great, welcomed dose of caffeine.<br /><br />I'd definitely get this again.",,
Why might customers complain that coffee tastes bitter?,aspect_analysis,review_0be3f6782d9d0f55,133304,B0090X8IPM,4.0,7,"A Satisfying Woodsey Taste
This coffee really surprised me in a good way.  Preferring my coffee black, Starbucks coffee has always seemed too bitter for my taste.  This coffee was not bitter at all and had a pleasing woodsey flavor that was very pleasing.  I plan to buy some more of this.",,
Why might customers complain that coffee tastes bitter?,aspect_analysis,review_d0e4a2b7c8b70aa1,478331,B00362FJD2,4.0,8,"Very mild tasting coffee
If you like your coffee to give you a strong rush of caffeine jolt with a dark roasted bitter taste (like most Starbucks), then this coffee may not be for you. If you like milder tasting coffee that has bit more aroma and taste, then this coffee may fill your needs. Starbucks this coffee isn't, and that isn't necessary a bad thing.<br /><br />I recommend everyone try this brand of coffee at least once. It was ranked #1 by one consumer magazine as the best coffee.<br /><br />I do like the taste of this coffee. Even though it is a French Roast, it tastes almost like a Hazelnut with very nutty flavor. The natural and pleasant flavor of the coffee isn't drown out by the bitter taste.<br /><br />The caffeine rush is also very mild and subtle. If you find yourself too hyper from drinking Starbucks, then this could be a good alternative brand.<br /><br />This coffee is also surprisngly affordable. It costs little over 1/2 of Starbucks coffee by weight.",,
Why might customers complain that coffee tastes bitter?,aspect_analysis,review_754df2e02a49df0b,464842,B000UBD88A,3.0,9,"Dark Roast Production Problems
Having used the Senseo Dark Roast pods for years, I was happy when Amazon got them back in stock.  But the coffee is now undrinkable--it is incredibly bitter; I ended up throwing it out.  To make sure it was not just me, I made a cup for a friend who LOVES the Dark Roast, and she also said that it was very bitter.<br /><br />Called Senseo.  The rep said that he had gotten other complaints of a similar nature: that the new blend was bitter.  He said that it might have been a problem at the factory, since the new batches were supposed to taste the same as the older batches.  (The former factory has closed down, and they are manufacturing the new batches in a different factory.)  However, the new bags also say ""French Roast' not just ""Dark Roast"" so this may account for the difference--but French roasted coffee should not be bitter.<br /><br />For those who are concerned that the pods no longer say ""Senseo"" on the top, they are not counterfeit.  I was told that Senseo decided to eliminate the printing, since it made the pod fractionally thicker and some customers had problems with the top of the pod tearing.  Removing the printing would hopefully do away with this problem.  However, this is the least of my worries, since these pods will have to be thrown out and I do not have any of the older Senseo Dark Roast pods remaining.<br /><br />UPDATE: The following day, having written the scathing review above, I decided to open another bag and see if those pods were as awful as those in the first bag before I threw out all remaining five bags of pods.<br /><br />To my surprise, these pods were fine and the coffee tasted just like the older version.  Clearly there is a problem in the production in the new factory.  I did not want to open the other four bags now, since they would lose their freshness, but it is still possible that the coffee in some of those is also horrible.  But at least I feel better knowing that Senseo did not change the formula for the Dark Roast.  Now they just have to get their production kinks worked out.<br /><br />Amazon, of course, was great in dealing with the problem.",,
Why might customers complain that coffee tastes bitter?,aspect_analysis,review_03e804f9511ec4f6,449667,B001D0GVAO,4.0,10,"Very good coffee...lower caffeine, but probably not no caffeine.
I typically only like to drink Timothy's and Emeril's coffees.  I like coffee strong, without bitter aftertaste.  For a decaf, this is great coffee.  It's not as bold as Timothy's Midnight Magic or Rainforest Espresso (my 2 favorite caffeinated coffees), but for an afternoon or evening coffee that won't keep you up all night, its great.  Only downside is that I think it has more caffeine than other weak decaf coffees.  I like it, but it does affect sleep.  On a positive, if you have it in the afternoon/evening, it might give a LITTLE bit of a much needed pick-up, without getting you overcaffienated as can happen if you have too much regular coffee!",,
What evidence supports a complaint about an incorrect product quantity?,complaint_analysis,review_5e537f8be5c213eb,223009,B000UUWECC,1.0,1,"Acquired taste?
I'm sorry but my wife and I found this product to be completely unpalatable.  I have tasted fresh coconut meat and canned coconut milk, but this is something totally different.  I suspect that it is an acquired taste. Before you buy a large quantity, be sure and know what it tastes like.",,
What evidence supports a complaint about an incorrect product quantity?,complaint_analysis,review_46b20fde85002fc4,182521,B008RWUKXK,3.0,2,"Palatable
But the idea of expecting valid testimony to claims of a ""healthy"" product when all that is offered is an exceedingly small quantity is not reasonable. So, yes...it is a palatable confection. More than that? I've no clue.",,
What evidence supports a complaint about an incorrect product quantity?,complaint_analysis,review_35e6df0cae94aa3a,109514,B001ELL4NG,1.0,3,"Great price & quantity, not so great flavor
Probably like many folks I was swayed by the quantity and price, especially if ordering with the option to reorder in another couple of months for a good savings.  BUT, unfortunately the flavor is quite lacking.  There is just a hint of the blue raspberry, with the main flavor seeming to be almost synthetic add a little sweetness.  I love gummies but will be a wary of purchasing an Albanese gummy again.  These will certainly last a long time, but I cannot recommend this product to other folks.",,
What evidence supports a complaint about an incorrect product quantity?,complaint_analysis,review_75f6a351c8c61d8f,458241,B000KEVF3M,5.0,4,"2 paws up
My dog absolutely loves these. My only complaint is that they're a little pricey, but it's worth it for an occasional big ""treat"".",,
What evidence supports a complaint about an incorrect product quantity?,complaint_analysis,review_14bbb8f2caa48e47,238457,B0000W0GQQ,4.0,5,"Madagascar Vanilla Bean Paste
I initially received the incorrect item when I ordered this.  The company was very prompt to send out a replacement with the correct item.  I would use no other vanilla, it is GREAT!",,
What evidence supports a complaint about an incorrect product quantity?,complaint_analysis,review_fe56bec8dfb4c936,266380,B003QKBDX4,5.0,6,"Worth every penny
Awesome, great product. They cost $1.15 each which is about a third what an iced coffee costs at Starbucks. I will always have these on hand.",,
What evidence supports a complaint about an incorrect product quantity?,complaint_analysis,review_1f41a06d0aad3164,467074,B000N9IJQA,5.0,7,"Great price/quantity
Don't know WHY this stuff is so horrendously expensive in the grocery stores, for a fraction of the amount you receive from this company.  The price/quality/quantity is a very great value.",,
What evidence supports a complaint about an incorrect product quantity?,complaint_analysis,review_faf9eca005c28d14,418331,B005LMM26M,5.0,8,"The best Tea I have ever drank
I actually buy directly from the Runa website as their prices are a little better. This tea is amazing, I used to drink coffee like a mad women now I drink 1-2 cups and then it's the Guayusa tea. I actually can feel the difference when I drink this tea, energized but not jittery, focused and the taste of this tea is like no other. Besides supporting these local farmers buying this tea also supports the rainforest as this tea is grown under shade. I can not say enough good things about this tea and highly recommend this product....",,
What evidence supports a complaint about an incorrect product quantity?,complaint_analysis,review_08cde0bf1c58cf7f,486712,B0014AUJII,5.0,9,"Good price for the quantity :)
It came in a timely fashion & it was a good price for the quantity I received. This tea is good for occasional constipation or to help your body along when it feels irregular.",,
What evidence supports a complaint about an incorrect product quantity?,complaint_analysis,review_338eff8ec22634c1,422373,B000WH9LSI,5.0,10,"These soynuts are exactly what I wanted
Roasted, unsalted soy nuts are not the most delicious snack. So before you buy 12, 9 oz packages, you should try a small quantity at your local health food store or asian grocer. If you know you want roasted, unsalted soy nuts, Amazon's offering from the Bergen Nut Company is an excellent source and good price. When I open a package, I transfer them to a tupperware container for easy snacking while I sit at my computer when working. It's a healthier alternative to satisfy a craving to munch.",,
What shipping-related concerns do reviewers express about broken food items?,thematic,review_7e60a13ed2a57258,431847,B000FFRY5O,3.0,1,"Many broken pieces during shipping?
I ordered a case & was dismayed that all the bags contained 70% broken pieces.  I bought these for my gluten-free, soy-free, egg-free son & for small children, broken food is a big deal.  I will pursue a refund from Amazon.<br /><br />Once you can get past the broken pieces, they taste good.",,
What shipping-related concerns do reviewers express about broken food items?,thematic,review_6fe40081d38c8a4a,424597,B002HFPW6I,2.0,2,"Not Fresh? Do we have a health risk ??
I have recently noticed that the last few months of Trio snacks received are stale and more brittle than usual. I am told that this product is made in China which concerns me.<br /><br />I cannot find madatory expiration dates on the box which causes me even greater concern. I hope Amazon is reviewing their food products prior to shipping.",,
What shipping-related concerns do reviewers express about broken food items?,thematic,review_414bc067bdd388c4,255341,B000F4SVV6,1.0,3,"MOST WERE BROKE (LIKE 80%). BUY DIRECT FROM SPANGLER NEXT TIME :(
WAS VERY DISAPPOINTED. RECEIVED CANDY CANES AND ABOUT 80% WERE BROKEN. NOT JUST BROKEN BUT EACH CANE WAS IN SEVERAL PIECES. CAN'T USE THE 80% FOR OUR CHURCH CHRISTMAS PROGRAM HAND OUT SO I HAVE NO IDEA WHAT TO DO WITH THEM BESIDES PUT INTO COOKIES OR SOMETHING. ANYWAYS, WILL BUY DIRECT FROM SPANGLER NEXT TIME. IN THE PAST THEIR PACKAGING INSURED ABOUT 10% WASTE. THANKS ANYWAY, THAT'S WHAT YOU GET FOR TRYING TO SAVE 20 DOLLARS.",,
What shipping-related concerns do reviewers express about broken food items?,thematic,review_43c5319c43ae4d2d,106117,B000YHNQSC,4.0,4,"So far, So good!
The item was received in less time than expected (3 days).  The only problem, is this item is a gift, so I was unable to actually taste!  Although the box and items had no dents or broken items within.  I'm happy with it as of now.",,
What shipping-related concerns do reviewers express about broken food items?,thematic,review_fffc3905e1b5c6b9,440105,B005ZBZLSU,5.0,5,"Love these
Deep, dark, rich flavor. I appreciate the reduced packaging which is environmentally friendly, and as a side benefit takes up less space.  What I really like about these, besides the great flavor (best tasting K-cups I've found so far) is that there is just the filter on the bottom. I've always had some un-addressed concerns about the composition of the plastic that other k-cups are made of, and what may be leaching into my beverage from the hot water passing over the coffee.  Look for these at costco where a 80 pack is 25$ (look around, not all stores carry them), but even on amazon it's a good deal with shipping included.",,
What shipping-related concerns do reviewers express about broken food items?,thematic,review_60fbc63d7e85cc3a,461933,B000N4M6XC,5.0,6,"Great products, great prices!
Well, I bought 8 diff. items and all of them arrived in time and in good condition.<br /><br />Regarding shipping charges ...<br /><br />I almost went away from this shop after having seen the shipping charge >  $ 7.94<br />But I'm glad I realized the charge isn't per item.<br /><br />Means, I did not pay 8 times  $ 7.94  for shipping, I paid one time  $ 7.94 only for all eight different !  items.",,
What shipping-related concerns do reviewers express about broken food items?,thematic,review_f70fdbc83b8ee17c,277401,B000VK8AVK,5.0,7,"Pop Chips are great
Popchips are great. I got the barbeque in the single serving, 100 calorie size.  It's the best way to get 100 calories I know of!  They were not broken or squashed in shipping either. Amazon is always careful about that. I'd buy them again.",,
What shipping-related concerns do reviewers express about broken food items?,thematic,review_27197b627305fa17,6090,B000EMM9DU,5.0,8,"Good stuff BUT....
Packed poorly in shipping and a few had the seal broken because they were rolling around in the box!",,
What shipping-related concerns do reviewers express about broken food items?,thematic,review_5ce1790fa390c538,345772,B00433YTRA,2.0,9,"Stronger flavor than most
Be aware that Amazon LLC does not include ice packs in packaging and does not refrigerate this product. I will not get this specific brand again, nor purchase items that should be kept cold from amazon in the future. I gave it 2 stars because amazon was quick in replacing it, but food items can't be returned which is what I would've preferred.",,
What shipping-related concerns do reviewers express about broken food items?,thematic,review_296e6006312b2456,291667,B000W7WQX0,3.0,10,"Not a mindless snack!
Corn Nuts are delicious, enjoyable and addictive. However, I have TWICE broken teeth with them, including today. Do not mindlessly chomp away at these snacks. I'm not being overly zealous with my suggestion that you only eat a few at a time and let them soften in your mouth before chewing too forcefully. This is the only food that has broken a tooth and it has twice!",,
What do customers praise about product freshness?,positive_feature,review_d48f4a95a59bcd79,71264,B0041CH3NU,1.0,1,"Disappointed
I was just deceived... I'm pregnant and have a craving for caviar, but can't eat any raw fish products. So the only option for me is pasteurized caviar. The description of the product here states that this romanoff caviar is pasteurized, but when I got it I didn't find any mention about pasteurization on the jar or packing! So, I can't eat it. It's not cheap, but I don't want spent more money on return shipment, so don't know what to do with it...<br />Shame on you, seller, for deceiving your customers!",,
What do customers praise about product freshness?,positive_feature,review_a895535f0f03e52c,432046,B0052OUAOK,1.0,2,"WARNING! Product changed without advising once-loyal customers!!
WARNING!! Without changing the look of the packaging, Greens+ has changed the ingredients and has ruined a once-great bar (I along with other loyal customers I knew would order them by the boxload). Supposedly to ""increase production,"" they've ruined the 40:30:30 balance, adding far more calories, fat, and carbs, while decreasing protein content. Sad, as they were once the perfect energy bar... I'm still in mourning. I am sending all boxes back directly to the company. Hopefully, if enough people do so, they can be persuaded to continue manufacturing the old formula, as I'm willing to wait and stock up on the original product, but not this pale imitation...",,
What do customers praise about product freshness?,positive_feature,review_b701f19fe2496997,202654,B001EO5TJ8,5.0,3,"Good product
Most Earl Grey teas taste similar. This product has a sense of freshness that reflects Earl Grey at its best, and is reasonably priced. To those who do not regularly use loose tea, the tea bag (Teebeutel, sachet) definitely does not taste as crisp and refreshing as the comparable tea when brewed as loose tea.",,
What do customers praise about product freshness?,positive_feature,review_963ff2800f09bea2,108481,B00283A5RA,5.0,4,"Fresh, Huge, Tasty
Would buy these again. Great quality and freshness. Not too salty or oily and they are about as jumbo as you can get.",,
What do customers praise about product freshness?,positive_feature,review_392c11522b0914aa,246118,B000EEWZG4,1.0,5,"Oops! My mistake: CONTAINS BPA! Goodbye to this product!
UPDATE: BUT 5 stars GO TO AMAZON WHO ISSUED A CREDIT FOR MY LAST ORDER OF THIS PRODUCT! GOOD WORK AND THANK YOU AMAZON, I AM IMPRESSED!!! -Mo<br />..........................................<br /><br />(change from 5 stars to 1) CANCEL THIS PRAISE OF THIS PRODUCT! It DOES contain BPA! -Mo<br />..........................................<br /><br />This is *great* fish; no BPA, no added salt (*I* choose what and if salt is added), I LOVE lots of eatable fish bones (top calcium availability), congratulations Crown Prince and thank you for canning fish I can eat without BPA!",,
What do customers praise about product freshness?,positive_feature,review_a1e709d7acf5549b,242132,B005X4STQ0,5.0,6,"coffee
the coffee is shipped in 4 boxes each pod is wrapped for freshness the cup of coffee tastes real good I do not add sugar or cream so I know its a good cup of coffee",,
What do customers praise about product freshness?,positive_feature,review_d519462c64f2bbd8,64849,B000EMM96W,1.0,7,"Charging for Flavor
How come Blueberry now (2011) cost more then Banana Nut or Chocolate Chip. It is the same product , the same company and the same size, the only difference is the flavor. Customers should not have to pay extra for a different flavor.  Were do Amazon get this from.<br />This is like charging $.50 for a pack of tropical punch Kool-aid, $.40 for a pack of orange, and $.30 for a pack of Wild Berry, mind you that it is all the same size.  What is this?, is it that Blueberry taste better then Banana Nut? So Amazon is charging for the flavor. What the Hey? Amazon gets to say which flavor is better.<br />This is like saying Coke is better then Pepsi, this is not for Amazon to decide.",,
What do customers praise about product freshness?,positive_feature,review_a7713aaaa82abda4,148094,B002FBY3GE,3.0,8,"Mrs Mays Trio Bars
When they arrive and are fresh, you can't beat them. When they arrive and are obviously old and out of date, you want to beat them just to avoid cracking a tooth. I am thinking about getting away from this product due to inconsistency with Amazon delivery and freshness.<br /><br />I would say: Buyer Beware",,
What do customers praise about product freshness?,positive_feature,review_33868db66b06f3c2,385607,B001EQ5CIO,5.0,9,"Favorite Organic Coffee
Some very delicious french roast in these here green bags. In combination with my Aeropress I couldn't be happier. Every shipment I have received of these beans has been fresh, aromatic, and oily. Nothing but praise for this consistently delicious bean. If you are hunting around for a nice organic roast, you could do a lot worse than diving into a bag of Jeremiah's Pick French Roast.",,
What do customers praise about product freshness?,positive_feature,review_833de8f776c283d0,144496,B004XE0EHI,5.0,10,"Retraction off negative feed back
After consulting with the seller I can recommend this product. The product is top shelf and it is everything the seller said it was. Freshness and taste is excellent  I will be glad to order this product again",,
What features receive positive feedback about chocolate flavor?,positive_feature,review_0aeccfd14b5a6499,153426,B001F9QW16,5.0,1,"Great bags!
Just received these bags today. The box they come in is very small and made of 100% recycled material. A bonus in my book. The bags seem to have alot of strength and dont seem like they will rip or break open easily. I just received them today so hopefully after a few uses I can submit more feedback with more positive outcomes.",,
What features receive positive feedback about chocolate flavor?,positive_feature,review_8c5908f0e3352e2a,66362,B001ABUYIQ,2.0,2,"Not that good.
if you want to try an excellent brand La Parisienne Couture Cocoa you will find is the best one on Amazon.<br /><br />So far I have tried:<br /><br />Bellagio Sipping Chocolate<br />Lake Champlain Hot Chocolate Mixes<br />La Parisienne Couture Cocoa (My Favorite)<br />MarieBelle Mocafe Azteca D'oro 1519 Mexican Spiced Ground Chocolate (didn't like at all)<br />Jacques Torres Classic Hot Chocolate<br />Vosges La Parisienne Couture Cocoa<br />Sarabeth's Kitchen Hot Chocolate<br />La Maison du Chocolat Tasse de Chocolat<br /><br />Love to hear others feedback.....",,
What features receive positive feedback about chocolate flavor?,positive_feature,review_40d17861b551784f,490815,B002HFWNAQ,4.0,3,"Nestle Hot Cocoa Mix
I thought that (1)package of cocoa was enough to receive a good chocolate taste, and the marshmallows gave an additional sweetness, for a nice cup of hot cocoa.",,
What features receive positive feedback about chocolate flavor?,positive_feature,review_08ad4b1bdc388548,420449,B008JKSJJ2,5.0,4,"Great product, tastes good
This flavor tastes very good. Great product!!! I subscribed to receive one box every 6 months, very convenient and great service.",,
What features receive positive feedback about chocolate flavor?,positive_feature,review_799ee012b61e532b,449923,B002T0KDNI,1.0,5,"Why?
Even though I opted out of recieving ""email reminders"" to leave feedback/reviews I just received one from this company, so here's my review:<br /><br />I've already left a review for the SodaStream machine, and it is not complimentary due to the monopoly on the CO2.  Had this firm read my recent reviews they would have seen that I dislike being asked to leave feedback and reviews.  It is unprofessional.<br /><br />The product is just ok, but being hounded to leave reviews/feedback prevents even a three star review.  If I were to buy this product again, and that is very doubtful, I'd go back to buying from a brick and mortar retail store, pay a higher price and sales tax.",,
What features receive positive feedback about chocolate flavor?,positive_feature,review_c13fe5d2415fdac5,254956,B003CMLP9I,5.0,6,"Mushroom Salt
My son was delighted to receive this as a gift for Christmas.  Awhile back we were given a gift pack of various salts and this flavor was his favorite.  It quickly was consumed and he commented about how much he missed this item.  Now he has a replenished supply.  We paired it with a bamboo salt box for a really unusual gift.",,
What features receive positive feedback about chocolate flavor?,positive_feature,review_622e31af78530159,246479,B002D4DY8G,5.0,7,"Full flavor and fragrant
Chocolate always compliments coffee.  It's the same case here.  The dark chocolate taste is obvious but not overpowering.  The coffee smells and tastes very smooth.  So, it truly is a good combination for what it is.",,
What features receive positive feedback about chocolate flavor?,positive_feature,review_952791b10cc79d0e,350062,B000EMU2BG,5.0,8,"Good, but Amazon has the flavor names wrong
Flavor names vs flavor photos are pretty confusing. I ordered ""Rich Chocolate"" and received ""Rich Milk Chocolate"". Now that I tasted it it's fine and I realize it's very possible that Nestle stopped making Rich Choc and started these Rich Milk / Rich Dark items, but Amazon should really fix the flavor names so that it's clear what you're getting.",,
What features receive positive feedback about chocolate flavor?,positive_feature,review_d88801b90957f05b,1322,B004EKO2HE,5.0,9,"great tasting cocoa powder
This cocoa powder has a deep, fruity taste- I highly recommend it.  I recently bought a vitamix blender, which means that I now make 5 smoothies a day.  This cocoa powder, plus some almond milk, frozen fruit, yogurt, and a dash of maple syrup, makes an excellent ""milk shake"".  Disclaimer: I like 99.9% of all chocolate, so take this positive review with a grain of salt.",,
What features receive positive feedback about chocolate flavor?,positive_feature,review_d04efdfe48c1b3f4,27784,B002RBTV78,3.0,10,"Lindt is no more!
As much as we liked Lindt chocolates, I am very disappointed that I need to leave this kind of review.<br /><br />Those of us that come from Europe know what good chocolate should taste like. It seems that Lindt is getting too americanized.... chocolate is too sweet and no flavor. Too bad!",,
